1,Aganagar Branch,1219
2,Arshinagar Branch,1234
3,Ashulia Branch,1197
4,Bajitpur Branch,1112
5,Banani Branch,1096
6,Bangshal Branch,1011
7,Bashundhara Branch,1070
8,Banasree Branch,1245
9,Dania Branch,1193
10,Darussalam Road Branch,1232
11,Dhanmondi Branch,1006
12,Faridpur Branch,1023
13,Federation Branch,1008
14,Gabtoli Bagbari Branch,1207
15,Gulshan Branch,1002
16,Goalanda Branch ,1248
17,Kawran Bazar Branch,1017
18,Keraniganj Branch,1195
19,Khilgaon Branch,1249
20,Lalmatia Branch,1025
21,Local Office,1238
22,Malibagh Branch,1019
23,Mawna Branch,1226
24,Mirpur Branch,1013
25,Mohammadpur Branch,1201
26,Narsingdi Branch,1110
27,Naya Paltan Branch,1020
28,Principal Branch,1001
29,Shantinagar Branch,1007
30,Stock Exchange Branch,1090
31,Uttara Branch,1024
32,Narayanganj Branch,1003
33,Agrabad Branch,2030
34,Alankar More Branch,2056
35,Anwara Branch,2236
36,Ashuganj Branch,2155
37,Akhaura Branch,2250
38,Bandar Branch,1228
39,Bandartila Branch,2220
40,Brahmanbaria Branch,2034
41,Comilla Branch,2035
42,Fatikchari Branch,2152
43,MadamBibir Hat Branch,2153
44,Miah Bazar Branch,2214
45,Bagerhat Branch,4212
46,Jessore Branch,4061
47,Khulna Branch,4060
48,Kushtia Branch,4062
49,Noapara Branch,4163
50,Baneshwar Branch,6187
51,Bogra Branch,6082
52,Pabna Branch,6084
53,Rajshahi Branch,6080
54,Taherpur Branch,6215
55,Birol Bazar Branch,6209
56,Dinajpur Branch,6083
57,Rangpur Branch,6081
58,Ambarkhana Branch,3139
59,Juri Branch ,3251
60,Barisal Branch,5064